[
	{
		"name": "GUARD_STAND",
		"rotatable": true,
		"fp_offset_x": 52,
		"fp_offset_y": 75,
		"td_offset_x": 45,
		"td_offset_y": 53,
		"fp": [
			[
				{
					"file": "stand_fp/rotation01_frame01.png"
				}
			],
			[
				{
					"file": "stand_fp/rotation02_frame01.png"
				}
			],
			[
				{
					"file": "stand_fp/rotation03_frame01.png"
				}
			],
			[
				{
					"file": "stand_fp/rotation04_frame01.png"
				}
			],
			[
				{
					"file": "stand_fp/rotation05_frame01.png"
				}
			]
		],
		"td": [
			[
				{
					"file": "stand_td/rotation01_frame01.png"
				}
			],
			[
				{
					"file": "stand_td/rotation02_frame01.png"
				}
			],
			[
				{
					"file": "stand_td/rotation03_frame01.png"
				}
			],
			[
				{
					"file": "stand_td/rotation04_frame01.png"
				}
			],
			[
				{
					"file": "stand_td/rotation05_frame01.png"
				}
			]
		]
	},
	{
		"name": "GUARD_WALK",
		"rotatable": true,
		"fp_offset_x": 56,
		"fp_offset_y": 77,
		"td_offset_x": 47,
		"td_offset_y": 64,
		"fp": [
			[
				{
					"file": "walk_fp/rotation01_frame01.png"
				},
				{
					"file": "walk_fp/rotation01_frame02.png"
				},
				{
					"file": "walk_fp/rotation01_frame03.png"
				},
				{
					"file": "walk_fp/rotation01_frame04.png"
				},
				{
					"file": "walk_fp/rotation01_frame05.png"
				},
				{
					"file": "walk_fp/rotation01_frame06.png"
				},
				{
					"file": "walk_fp/rotation01_frame07.png"
				}
			],
			[
				{
					"file": "walk_fp/rotation02_frame01.png"
				},
				{
					"file": "walk_fp/rotation02_frame02.png"
				},
				{
					"file": "walk_fp/rotation02_frame03.png"
				},
				{
					"file": "walk_fp/rotation02_frame04.png"
				},
				{
					"file": "walk_fp/rotation02_frame05.png"
				},
				{
					"file": "walk_fp/rotation02_frame06.png"
				},
				{
					"file": "walk_fp/rotation02_frame07.png"
				}
			],
			[
				{
					"file": "walk_fp/rotation03_frame01.png"
				},
				{
					"file": "walk_fp/rotation03_frame02.png"
				},
				{
					"file": "walk_fp/rotation03_frame03.png"
				},
				{
					"file": "walk_fp/rotation03_frame04.png"
				},
				{
					"file": "walk_fp/rotation03_frame05.png"
				},
				{
					"file": "walk_fp/rotation03_frame06.png"
				},
				{
					"file": "walk_fp/rotation03_frame07.png"
				}
			],
			[
				{
					"file": "walk_fp/rotation04_frame01.png"
				},
				{
					"file": "walk_fp/rotation04_frame02.png"
				},
				{
					"file": "walk_fp/rotation04_frame03.png"
				},
				{
					"file": "walk_fp/rotation04_frame04.png"
				},
				{
					"file": "walk_fp/rotation04_frame05.png"
				},
				{
					"file": "walk_fp/rotation04_frame06.png"
				},
				{
					"file": "walk_fp/rotation04_frame07.png"
				}
			],
			[
				{
					"file": "walk_fp/rotation05_frame01.png"
				},
				{
					"file": "walk_fp/rotation05_frame02.png"
				},
				{
					"file": "walk_fp/rotation05_frame03.png"
				},
				{
					"file": "walk_fp/rotation05_frame04.png"
				},
				{
					"file": "walk_fp/rotation05_frame05.png"
				},
				{
					"file": "walk_fp/rotation05_frame06.png"
				},
				{
					"file": "walk_fp/rotation05_frame07.png"
				}
			]
		],
		"td": [
			[
				{
					"file": "walk_td/rotation01_frame01.png"
				},
				{
					"file": "walk_td/rotation01_frame02.png"
				},
				{
					"file": "walk_td/rotation01_frame03.png"
				},
				{
					"file": "walk_td/rotation01_frame04.png"
				},
				{
					"file": "walk_td/rotation01_frame05.png"
				},
				{
					"file": "walk_td/rotation01_frame06.png"
				},
				{
					"file": "walk_td/rotation01_frame07.png"
				}
			],
			[
				{
					"file": "walk_td/rotation02_frame01.png"
				},
				{
					"file": "walk_td/rotation02_frame02.png"
				},
				{
					"file": "walk_td/rotation02_frame03.png"
				},
				{
					"file": "walk_td/rotation02_frame04.png"
				},
				{
					"file": "walk_td/rotation02_frame05.png"
				},
				{
					"file": "walk_td/rotation02_frame06.png"
				},
				{
					"file": "walk_td/rotation02_frame07.png"
				}
			],
			[
				{
					"file": "walk_td/rotation03_frame01.png"
				},
				{
					"file": "walk_td/rotation03_frame02.png"
				},
				{
					"file": "walk_td/rotation03_frame03.png"
				},
				{
					"file": "walk_td/rotation03_frame04.png"
				},
				{
					"file": "walk_td/rotation03_frame05.png"
				},
				{
					"file": "walk_td/rotation03_frame06.png"
				},
				{
					"file": "walk_td/rotation03_frame07.png"
				}
			],
			[
				{
					"file": "walk_td/rotation04_frame01.png"
				},
				{
					"file": "walk_td/rotation04_frame02.png"
				},
				{
					"file": "walk_td/rotation04_frame03.png"
				},
				{
					"file": "walk_td/rotation04_frame04.png"
				},
				{
					"file": "walk_td/rotation04_frame05.png"
				},
				{
					"file": "walk_td/rotation04_frame06.png"
				},
				{
					"file": "walk_td/rotation04_frame07.png"
				}
			],
			[
				{
					"file": "walk_td/rotation05_frame01.png"
				},
				{
					"file": "walk_td/rotation05_frame02.png"
				},
				{
					"file": "walk_td/rotation05_frame03.png"
				},
				{
					"file": "walk_td/rotation05_frame04.png"
				},
				{
					"file": "walk_td/rotation05_frame05.png"
				},
				{
					"file": "walk_td/rotation05_frame06.png"
				},
				{
					"file": "walk_td/rotation05_frame07.png"
				}
			]
		]
	},
	{
		"name": "GUARD_ATTACK",
		"rotatable": true,
		"fp_offset_x": 64,
		"fp_offset_y": 105,
		"td_offset_x": 57,
		"td_offset_y": 90,
		"fp": [
			[
				{
					"file": "attack_fp/rotation01_frame01.png"
				},
				{
					"file": "attack_fp/rotation01_frame02.png"
				},
				{
					"file": "attack_fp/rotation01_frame03.png"
				},
				{
					"file": "attack_fp/rotation01_frame04.png"
				},
				{
					"file": "attack_fp/rotation01_frame05.png"
				},
				{
					"file": "attack_fp/rotation01_frame06.png"
				},
				{
					"file": "attack_fp/rotation01_frame07.png"
				}
			],
			[
				{
					"file": "attack_fp/rotation02_frame01.png"
				},
				{
					"file": "attack_fp/rotation02_frame02.png"
				},
				{
					"file": "attack_fp/rotation02_frame03.png"
				},
				{
					"file": "attack_fp/rotation02_frame04.png"
				},
				{
					"file": "attack_fp/rotation02_frame05.png"
				},
				{
					"file": "attack_fp/rotation02_frame06.png"
				},
				{
					"file": "attack_fp/rotation02_frame07.png"
				}
			],
			[
				{
					"file": "attack_fp/rotation03_frame01.png"
				},
				{
					"file": "attack_fp/rotation03_frame02.png"
				},
				{
					"file": "attack_fp/rotation03_frame03.png"
				},
				{
					"file": "attack_fp/rotation03_frame04.png"
				},
				{
					"file": "attack_fp/rotation03_frame05.png"
				},
				{
					"file": "attack_fp/rotation03_frame06.png"
				},
				{
					"file": "attack_fp/rotation03_frame07.png"
				}
			],
			[
				{
					"file": "attack_fp/rotation04_frame01.png"
				},
				{
					"file": "attack_fp/rotation04_frame02.png"
				},
				{
					"file": "attack_fp/rotation04_frame03.png"
				},
				{
					"file": "attack_fp/rotation04_frame04.png"
				},
				{
					"file": "attack_fp/rotation04_frame05.png"
				},
				{
					"file": "attack_fp/rotation04_frame06.png"
				},
				{
					"file": "attack_fp/rotation04_frame07.png"
				}
			],
			[
				{
					"file": "attack_fp/rotation05_frame01.png"
				},
				{
					"file": "attack_fp/rotation05_frame02.png"
				},
				{
					"file": "attack_fp/rotation05_frame03.png"
				},
				{
					"file": "attack_fp/rotation05_frame04.png"
				},
				{
					"file": "attack_fp/rotation05_frame05.png"
				},
				{
					"file": "attack_fp/rotation05_frame06.png"
				},
				{
					"file": "attack_fp/rotation05_frame07.png"
				}
			]
		],
		"td": [
			[
				{
					"file": "attack_td/rotation01_frame01.png"
				},
				{
					"file": "attack_td/rotation01_frame02.png"
				},
				{
					"file": "attack_td/rotation01_frame03.png"
				},
				{
					"file": "attack_td/rotation01_frame04.png"
				},
				{
					"file": "attack_td/rotation01_frame05.png"
				},
				{
					"file": "attack_td/rotation01_frame06.png"
				},
				{
					"file": "attack_td/rotation01_frame07.png"
				}
			],
			[
				{
					"file": "attack_td/rotation02_frame01.png"
				},
				{
					"file": "attack_td/rotation02_frame02.png"
				},
				{
					"file": "attack_td/rotation02_frame03.png"
				},
				{
					"file": "attack_td/rotation02_frame04.png"
				},
				{
					"file": "attack_td/rotation02_frame05.png"
				},
				{
					"file": "attack_td/rotation02_frame06.png"
				},
				{
					"file": "attack_td/rotation02_frame07.png"
				}
			],
			[
				{
					"file": "attack_td/rotation03_frame01.png"
				},
				{
					"file": "attack_td/rotation03_frame02.png"
				},
				{
					"file": "attack_td/rotation03_frame03.png"
				},
				{
					"file": "attack_td/rotation03_frame04.png"
				},
				{
					"file": "attack_td/rotation03_frame05.png"
				},
				{
					"file": "attack_td/rotation03_frame06.png"
				},
				{
					"file": "attack_td/rotation03_frame07.png"
				}
			],
			[
				{
					"file": "attack_td/rotation04_frame01.png"
				},
				{
					"file": "attack_td/rotation04_frame02.png"
				},
				{
					"file": "attack_td/rotation04_frame03.png"
				},
				{
					"file": "attack_td/rotation04_frame04.png"
				},
				{
					"file": "attack_td/rotation04_frame05.png"
				},
				{
					"file": "attack_td/rotation04_frame06.png"
				},
				{
					"file": "attack_td/rotation04_frame07.png"
				}
			],
			[
				{
					"file": "attack_td/rotation05_frame01.png"
				},
				{
					"file": "attack_td/rotation05_frame02.png"
				},
				{
					"file": "attack_td/rotation05_frame03.png"
				},
				{
					"file": "attack_td/rotation05_frame04.png"
				},
				{
					"file": "attack_td/rotation05_frame05.png"
				},
				{
					"file": "attack_td/rotation05_frame06.png"
				},
				{
					"file": "attack_td/rotation05_frame07.png"
				}
			]
		]
	},
	{
		"name": "GUARD_HIT",
		"rotatable": true,
		"fp_offset_x": 30,
		"fp_offset_y": 82,
		"td_offset_x": 25,
		"td_offset_y": 59,
		"fp": [
			[
				{
					"file": "hit_fp/rotation01_frame01.png"
				}
			],
			[
				{
					"file": "hit_fp/rotation02_frame01.png"
				}
			],
			[
				{
					"file": "hit_fp/rotation03_frame01.png"
				}
			],
			[
				{
					"file": "hit_fp/rotation04_frame01.png"
				}
			],
			[
				{
					"file": "hit_fp/rotation05_frame01.png"
				}
			]
		],
		"td": [
			[
				{
					"file": "hit_td/rotation01_frame01.png"
				}
			],
			[
				{
					"file": "hit_td/rotation02_frame01.png"
				}
			],
			[
				{
					"file": "hit_td/rotation03_frame01.png"
				}
			],
			[
				{
					"file": "hit_td/rotation04_frame01.png"
				}
			],
			[
				{
					"file": "hit_td/rotation05_frame01.png"
				}
			]
		]
	},
	{
		"name": "GUARD_SLAPPED",
		"rotatable": true,
		"fp_offset_x": 30,
		"fp_offset_y": 82,
		"td_offset_x": 26,
		"td_offset_y": 59,
		"fp": [
			[
				{
					"file": "slapped_fp/rotation01_frame01.png"
				}
			],
			[
				{
					"file": "slapped_fp/rotation02_frame01.png"
				}
			],
			[
				{
					"file": "slapped_fp/rotation03_frame01.png"
				}
			],
			[
				{
					"file": "slapped_fp/rotation04_frame01.png"
				}
			],
			[
				{
					"file": "slapped_fp/rotation05_frame01.png"
				}
			]
		],
		"td": [
			[
				{
					"file": "slapped_td/rotation01_frame01.png"
				}
			],
			[
				{
					"file": "slapped_td/rotation02_frame01.png"
				}
			],
			[
				{
					"file": "slapped_td/rotation03_frame01.png"
				}
			],
			[
				{
					"file": "slapped_td/rotation04_frame01.png"
				}
			],
			[
				{
					"file": "slapped_td/rotation05_frame01.png"
				}
			]
		]
	},
	{
		"name": "GUARD_CELEBRATE",
		"rotatable": false,
		"fp_offset_x": 27,
		"fp_offset_y": 106,
		"td_offset_x": 23,
		"td_offset_y": 60,
		"fp": [
			[
				{
					"file": "celebrate_fp/rotation01_frame01.png"
				},
				{
					"file": "celebrate_fp/rotation01_frame02.png"
				},
				{
					"file": "celebrate_fp/rotation01_frame03.png"
				},
				{
					"file": "celebrate_fp/rotation01_frame04.png"
				},
				{
					"file": "celebrate_fp/rotation01_frame05.png"
				},
				{
					"file": "celebrate_fp/rotation01_frame06.png"
				}
			]
		],
		"td": [
			[
				{
					"file": "celebrate_td/rotation01_frame01.png"
				},
				{
					"file": "celebrate_td/rotation01_frame02.png"
				},
				{
					"file": "celebrate_td/rotation01_frame03.png"
				},
				{
					"file": "celebrate_td/rotation01_frame04.png"
				},
				{
					"file": "celebrate_td/rotation01_frame05.png"
				},
				{
					"file": "celebrate_td/rotation01_frame06.png"
				}
			]
		]
	},
	{
		"name": "GUARD_COMPLAIN",
		"rotatable": false,
		"fp_offset_x": 28,
		"fp_offset_y": 64,
		"td_offset_x": 24,
		"td_offset_y": 39,
		"fp": [
			[
				{
					"file": "complain_fp/rotation02_frame01.png"
				},
				{
					"file": "complain_fp/rotation02_frame02.png"
				},
				{
					"file": "complain_fp/rotation02_frame03.png"
				},
				{
					"file": "complain_fp/rotation02_frame04.png"
				},
				{
					"file": "complain_fp/rotation02_frame05.png"
				},
				{
					"file": "complain_fp/rotation02_frame06.png"
				}
			]
		],
		"td": [
			[
				{
					"file": "complain_td/rotation02_frame01.png"
				},
				{
					"file": "complain_td/rotation02_frame02.png"
				},
				{
					"file": "complain_td/rotation02_frame03.png"
				},
				{
					"file": "complain_td/rotation02_frame04.png"
				},
				{
					"file": "complain_td/rotation02_frame05.png"
				},
				{
					"file": "complain_td/rotation02_frame06.png"
				}
			]
		]
	},
	{
		"name": "GUARD_POWERGRAB",
		"rotatable": false,
		"fp_offset_x": 55,
		"fp_offset_y": 109,
		"td_offset_x": 55,
		"td_offset_y": 88,
		"fp": [
			[
				{
					"file": "powergrab_fp/rotation04_frame01.png"
				},
				{
					"file": "powergrab_fp/rotation04_frame02.png"
				},
				{
					"file": "powergrab_fp/rotation04_frame03.png"
				},
				{
					"file": "powergrab_fp/rotation04_frame04.png"
				},
				{
					"file": "powergrab_fp/rotation04_frame05.png"
				},
				{
					"file": "powergrab_fp/rotation04_frame06.png"
				},
				{
					"file": "powergrab_fp/rotation04_frame07.png"
				}
			]
		],
		"td": [
			[
				{
					"file": "powergrab_td/rotation04_frame01.png"
				},
				{
					"file": "powergrab_td/rotation04_frame02.png"
				},
				{
					"file": "powergrab_td/rotation04_frame03.png"
				},
				{
					"file": "powergrab_td/rotation04_frame04.png"
				},
				{
					"file": "powergrab_td/rotation04_frame05.png"
				},
				{
					"file": "powergrab_td/rotation04_frame06.png"
				},
				{
					"file": "powergrab_td/rotation04_frame07.png"
				}
			]
		]
	},
	{
		"name": "GUARD_SLEEP",
		"rotatable": false,
		"fp_offset_x": 44,
		"fp_offset_y": 44,
		"td_offset_x": 37,
		"td_offset_y": 35,
		"fp": [
			[
				{
					"file": "sleep_fp/rotation02_frame01.png"
				},
				{
					"file": "sleep_fp/rotation02_frame02.png"
				},
				{
					"file": "sleep_fp/rotation02_frame03.png"
				},
				{
					"file": "sleep_fp/rotation02_frame04.png"
				}
			]
		],
		"td": [
			[
				{
					"file": "sleep_td/rotation02_frame01.png"
				},
				{
					"file": "sleep_td/rotation02_frame02.png"
				},
				{
					"file": "sleep_td/rotation02_frame03.png"
				},
				{
					"file": "sleep_td/rotation02_frame04.png"
				}
			]
		]
	},
	{
		"name": "GUARD_EATCHICKEN",
		"rotatable": false,
		"fp_offset_x": 62,
		"fp_offset_y": 73,
		"td_offset_x": 53,
		"td_offset_y": 61,
		"fp": [
			[
				{
					"file": "eatchicken_fp/rotation02_frame01.png"
				},
				{
					"file": "eatchicken_fp/rotation02_frame02.png"
				},
				{
					"file": "eatchicken_fp/rotation02_frame03.png"
				},
				{
					"file": "eatchicken_fp/rotation02_frame04.png"
				},
				{
					"file": "eatchicken_fp/rotation02_frame05.png"
				},
				{
					"file": "eatchicken_fp/rotation02_frame06.png"
				},
				{
					"file": "eatchicken_fp/rotation02_frame07.png"
				},
				{
					"file": "eatchicken_fp/rotation02_frame08.png"
				}
			]
		],
		"td": [
			[
				{
					"file": "eatchicken_td/rotation02_frame01.png"
				},
				{
					"file": "eatchicken_td/rotation02_frame02.png"
				},
				{
					"file": "eatchicken_td/rotation02_frame03.png"
				},
				{
					"file": "eatchicken_td/rotation02_frame04.png"
				},
				{
					"file": "eatchicken_td/rotation02_frame05.png"
				},
				{
					"file": "eatchicken_td/rotation02_frame06.png"
				},
				{
					"file": "eatchicken_td/rotation02_frame07.png"
				},
				{
					"file": "eatchicken_td/rotation02_frame08.png"
				}
			]
		]
	},
	{
		"name": "GUARD_DYING",
		"rotatable": false,
		"fp_offset_x": 93,
		"fp_offset_y": 90,
		"td_offset_x": 87,
		"td_offset_y": 66,
		"fp": [
			[
				{
					"file": "dying_fp/rotation02_frame01.png"
				},
				{
					"file": "dying_fp/rotation02_frame02.png"
				},
				{
					"file": "dying_fp/rotation02_frame03.png"
				},
				{
					"file": "dying_fp/rotation02_frame04.png"
				}
			]
		],
		"td": [
			[
				{
					"file": "dying_td/rotation02_frame01.png"
				},
				{
					"file": "dying_td/rotation02_frame02.png"
				},
				{
					"file": "dying_td/rotation02_frame03.png"
				},
				{
					"file": "dying_td/rotation02_frame04.png"
				}
			]
		]
	}
]