[
	{
		"name": "MINOTAUR_STAND",
		"rotatable": true,
		"fp_offset_x": 46,
		"fp_offset_y": 79,
		"td_offset_x": 39,
		"td_offset_y": 61,
		"fp": [
			[
				{
					"file": "stand_fp/rotation01_frame01.png"
				}
			],
			[
				{
					"file": "stand_fp/rotation02_frame01.png"
				}
			],
			[
				{
					"file": "stand_fp/rotation03_frame01.png"
				}
			],
			[
				{
					"file": "stand_fp/rotation04_frame01.png"
				}
			],
			[
				{
					"file": "stand_fp/rotation05_frame01.png"
				}
			]
		],
		"td": [
			[
				{
					"file": "stand_td/rotation01_frame01.png"
				}
			],
			[
				{
					"file": "stand_td/rotation02_frame01.png"
				}
			],
			[
				{
					"file": "stand_td/rotation03_frame01.png"
				}
			],
			[
				{
					"file": "stand_td/rotation04_frame01.png"
				}
			],
			[
				{
					"file": "stand_td/rotation05_frame01.png"
				}
			]
		]
	},
	{
		"name": "MINOTAUR_WALK",
		"rotatable": true,
		"fp_offset_x": 48,
		"fp_offset_y": 78,
		"td_offset_x": 40,
		"td_offset_y": 66,
		"fp": [
			[
				{
					"file": "walk_fp/rotation01_frame01.png"
				},
				{
					"file": "walk_fp/rotation01_frame02.png"
				},
				{
					"file": "walk_fp/rotation01_frame03.png"
				},
				{
					"file": "walk_fp/rotation01_frame04.png"
				},
				{
					"file": "walk_fp/rotation01_frame05.png"
				},
				{
					"file": "walk_fp/rotation01_frame06.png"
				}
			],
			[
				{
					"file": "walk_fp/rotation02_frame01.png"
				},
				{
					"file": "walk_fp/rotation02_frame02.png"
				},
				{
					"file": "walk_fp/rotation02_frame03.png"
				},
				{
					"file": "walk_fp/rotation02_frame04.png"
				},
				{
					"file": "walk_fp/rotation02_frame05.png"
				},
				{
					"file": "walk_fp/rotation02_frame06.png"
				}
			],
			[
				{
					"file": "walk_fp/rotation03_frame01.png"
				},
				{
					"file": "walk_fp/rotation03_frame02.png"
				},
				{
					"file": "walk_fp/rotation03_frame03.png"
				},
				{
					"file": "walk_fp/rotation03_frame04.png"
				},
				{
					"file": "walk_fp/rotation03_frame05.png"
				},
				{
					"file": "walk_fp/rotation03_frame06.png"
				}
			],
			[
				{
					"file": "walk_fp/rotation04_frame01.png"
				},
				{
					"file": "walk_fp/rotation04_frame02.png"
				},
				{
					"file": "walk_fp/rotation04_frame03.png"
				},
				{
					"file": "walk_fp/rotation04_frame04.png"
				},
				{
					"file": "walk_fp/rotation04_frame05.png"
				},
				{
					"file": "walk_fp/rotation04_frame06.png"
				}
			],
			[
				{
					"file": "walk_fp/rotation05_frame01.png"
				},
				{
					"file": "walk_fp/rotation05_frame02.png"
				},
				{
					"file": "walk_fp/rotation05_frame03.png"
				},
				{
					"file": "walk_fp/rotation05_frame04.png"
				},
				{
					"file": "walk_fp/rotation05_frame05.png"
				},
				{
					"file": "walk_fp/rotation05_frame06.png"
				}
			]
		],
		"td": [
			[
				{
					"file": "walk_td/rotation01_frame01.png"
				},
				{
					"file": "walk_td/rotation01_frame02.png"
				},
				{
					"file": "walk_td/rotation01_frame03.png"
				},
				{
					"file": "walk_td/rotation01_frame04.png"
				},
				{
					"file": "walk_td/rotation01_frame05.png"
				},
				{
					"file": "walk_td/rotation01_frame06.png"
				}
			],
			[
				{
					"file": "walk_td/rotation02_frame01.png"
				},
				{
					"file": "walk_td/rotation02_frame02.png"
				},
				{
					"file": "walk_td/rotation02_frame03.png"
				},
				{
					"file": "walk_td/rotation02_frame04.png"
				},
				{
					"file": "walk_td/rotation02_frame05.png"
				},
				{
					"file": "walk_td/rotation02_frame06.png"
				}
			],
			[
				{
					"file": "walk_td/rotation03_frame01.png"
				},
				{
					"file": "walk_td/rotation03_frame02.png"
				},
				{
					"file": "walk_td/rotation03_frame03.png"
				},
				{
					"file": "walk_td/rotation03_frame04.png"
				},
				{
					"file": "walk_td/rotation03_frame05.png"
				},
				{
					"file": "walk_td/rotation03_frame06.png"
				}
			],
			[
				{
					"file": "walk_td/rotation04_frame01.png"
				},
				{
					"file": "walk_td/rotation04_frame02.png"
				},
				{
					"file": "walk_td/rotation04_frame03.png"
				},
				{
					"file": "walk_td/rotation04_frame04.png"
				},
				{
					"file": "walk_td/rotation04_frame05.png"
				},
				{
					"file": "walk_td/rotation04_frame06.png"
				}
			],
			[
				{
					"file": "walk_td/rotation05_frame01.png"
				},
				{
					"file": "walk_td/rotation05_frame02.png"
				},
				{
					"file": "walk_td/rotation05_frame03.png"
				},
				{
					"file": "walk_td/rotation05_frame04.png"
				},
				{
					"file": "walk_td/rotation05_frame05.png"
				},
				{
					"file": "walk_td/rotation05_frame06.png"
				}
			]
		]
	},
	{
		"name": "MINOTAUR_ATTACK",
		"rotatable": true,
		"fp_offset_x": 65,
		"fp_offset_y": 81,
		"td_offset_x": 56,
		"td_offset_y": 61,
		"fp": [
			[
				{
					"file": "attack_fp/rotation01_frame01.png"
				},
				{
					"file": "attack_fp/rotation01_frame02.png"
				},
				{
					"file": "attack_fp/rotation01_frame03.png"
				},
				{
					"file": "attack_fp/rotation01_frame04.png"
				},
				{
					"file": "attack_fp/rotation01_frame05.png"
				},
				{
					"file": "attack_fp/rotation01_frame06.png"
				}
			],
			[
				{
					"file": "attack_fp/rotation02_frame01.png"
				},
				{
					"file": "attack_fp/rotation02_frame02.png"
				},
				{
					"file": "attack_fp/rotation02_frame03.png"
				},
				{
					"file": "attack_fp/rotation02_frame04.png"
				},
				{
					"file": "attack_fp/rotation02_frame05.png"
				},
				{
					"file": "attack_fp/rotation02_frame06.png"
				}
			],
			[
				{
					"file": "attack_fp/rotation03_frame01.png"
				},
				{
					"file": "attack_fp/rotation03_frame02.png"
				},
				{
					"file": "attack_fp/rotation03_frame03.png"
				},
				{
					"file": "attack_fp/rotation03_frame04.png"
				},
				{
					"file": "attack_fp/rotation03_frame05.png"
				},
				{
					"file": "attack_fp/rotation03_frame06.png"
				}
			],
			[
				{
					"file": "attack_fp/rotation04_frame01.png"
				},
				{
					"file": "attack_fp/rotation04_frame02.png"
				},
				{
					"file": "attack_fp/rotation04_frame03.png"
				},
				{
					"file": "attack_fp/rotation04_frame04.png"
				},
				{
					"file": "attack_fp/rotation04_frame05.png"
				},
				{
					"file": "attack_fp/rotation04_frame06.png"
				}
			],
			[
				{
					"file": "attack_fp/rotation05_frame01.png"
				},
				{
					"file": "attack_fp/rotation05_frame02.png"
				},
				{
					"file": "attack_fp/rotation05_frame03.png"
				},
				{
					"file": "attack_fp/rotation05_frame04.png"
				},
				{
					"file": "attack_fp/rotation05_frame05.png"
				},
				{
					"file": "attack_fp/rotation05_frame06.png"
				}
			]
		],
		"td": [
			[
				{
					"file": "attack_td/rotation01_frame01.png"
				},
				{
					"file": "attack_td/rotation01_frame02.png"
				},
				{
					"file": "attack_td/rotation01_frame03.png"
				},
				{
					"file": "attack_td/rotation01_frame04.png"
				},
				{
					"file": "attack_td/rotation01_frame05.png"
				},
				{
					"file": "attack_td/rotation01_frame06.png"
				}
			],
			[
				{
					"file": "attack_td/rotation02_frame01.png"
				},
				{
					"file": "attack_td/rotation02_frame02.png"
				},
				{
					"file": "attack_td/rotation02_frame03.png"
				},
				{
					"file": "attack_td/rotation02_frame04.png"
				},
				{
					"file": "attack_td/rotation02_frame05.png"
				},
				{
					"file": "attack_td/rotation02_frame06.png"
				}
			],
			[
				{
					"file": "attack_td/rotation03_frame01.png"
				},
				{
					"file": "attack_td/rotation03_frame02.png"
				},
				{
					"file": "attack_td/rotation03_frame03.png"
				},
				{
					"file": "attack_td/rotation03_frame04.png"
				},
				{
					"file": "attack_td/rotation03_frame05.png"
				},
				{
					"file": "attack_td/rotation03_frame06.png"
				}
			],
			[
				{
					"file": "attack_td/rotation04_frame01.png"
				},
				{
					"file": "attack_td/rotation04_frame02.png"
				},
				{
					"file": "attack_td/rotation04_frame03.png"
				},
				{
					"file": "attack_td/rotation04_frame04.png"
				},
				{
					"file": "attack_td/rotation04_frame05.png"
				},
				{
					"file": "attack_td/rotation04_frame06.png"
				}
			],
			[
				{
					"file": "attack_td/rotation05_frame01.png"
				},
				{
					"file": "attack_td/rotation05_frame02.png"
				},
				{
					"file": "attack_td/rotation05_frame03.png"
				},
				{
					"file": "attack_td/rotation05_frame04.png"
				},
				{
					"file": "attack_td/rotation05_frame05.png"
				},
				{
					"file": "attack_td/rotation05_frame06.png"
				}
			]
		]
	},
	{
		"name": "MINOTAUR_HIT",
		"rotatable": true,
		"fp_offset_x": 32,
		"fp_offset_y": 76,
		"td_offset_x": 27,
		"td_offset_y": 55,
		"fp": [
			[
				{
					"file": "hit_fp/rotation01_frame01.png"
				}
			],
			[
				{
					"file": "hit_fp/rotation02_frame01.png"
				}
			],
			[
				{
					"file": "hit_fp/rotation03_frame01.png"
				}
			],
			[
				{
					"file": "hit_fp/rotation04_frame01.png"
				}
			],
			[
				{
					"file": "hit_fp/rotation05_frame01.png"
				}
			]
		],
		"td": [
			[
				{
					"file": "hit_td/rotation01_frame01.png"
				}
			],
			[
				{
					"file": "hit_td/rotation02_frame01.png"
				}
			],
			[
				{
					"file": "hit_td/rotation03_frame01.png"
				}
			],
			[
				{
					"file": "hit_td/rotation04_frame01.png"
				}
			],
			[
				{
					"file": "hit_td/rotation05_frame01.png"
				}
			]
		]
	},
	{
		"name": "MINOTAUR_SLAPPED",
		"rotatable": true,
		"fp_offset_x": 33,
		"fp_offset_y": 72,
		"td_offset_x": 27,
		"td_offset_y": 55,
		"fp": [
			[
				{
					"file": "slapped_fp/rotation01_frame01.png"
				}
			],
			[
				{
					"file": "slapped_fp/rotation02_frame01.png"
				}
			],
			[
				{
					"file": "slapped_fp/rotation03_frame01.png"
				}
			],
			[
				{
					"file": "slapped_fp/rotation04_frame01.png"
				}
			],
			[
				{
					"file": "slapped_fp/rotation05_frame01.png"
				}
			]
		],
		"td": [
			[
				{
					"file": "slapped_td/rotation01_frame01.png"
				}
			],
			[
				{
					"file": "slapped_td/rotation02_frame01.png"
				}
			],
			[
				{
					"file": "slapped_td/rotation03_frame01.png"
				}
			],
			[
				{
					"file": "slapped_td/rotation04_frame01.png"
				}
			],
			[
				{
					"file": "slapped_td/rotation05_frame01.png"
				}
			]
		]
	},
	{
		"name": "MINOTAUR_CELEBRATE",
		"rotatable": false,
		"fp_offset_x": 48,
		"fp_offset_y": 95,
		"td_offset_x": 41,
		"td_offset_y": 53,
		"fp": [
			[
				{
					"file": "celebrate_fp/rotation01_frame01.png"
				},
				{
					"file": "celebrate_fp/rotation01_frame02.png"
				},
				{
					"file": "celebrate_fp/rotation01_frame03.png"
				},
				{
					"file": "celebrate_fp/rotation01_frame04.png"
				},
				{
					"file": "celebrate_fp/rotation01_frame05.png"
				},
				{
					"file": "celebrate_fp/rotation01_frame06.png"
				}
			]
		],
		"td": [
			[
				{
					"file": "celebrate_td/rotation01_frame01.png"
				},
				{
					"file": "celebrate_td/rotation01_frame02.png"
				},
				{
					"file": "celebrate_td/rotation01_frame03.png"
				},
				{
					"file": "celebrate_td/rotation01_frame04.png"
				},
				{
					"file": "celebrate_td/rotation01_frame05.png"
				},
				{
					"file": "celebrate_td/rotation01_frame06.png"
				}
			]
		]
	},
	{
		"name": "CHARGERTAURUS_SLEEP",
		"rotatable": false,
		"fp_offset_x": 46,
		"fp_offset_y": 68,
		"td_offset_x": 48,
		"td_offset_y": 69,
		"fp": [
			[
				{
					"file": "sleep_fp/rotation03_frame01.png"
				},
				{
					"file": "sleep_fp/rotation03_frame02.png"
				},
				{
					"file": "sleep_fp/rotation03_frame03.png"
				},
				{
					"file": "sleep_fp/rotation03_frame04.png"
				}
			]
		],
		"td": [
			[
				{
					"file": "sleep_td/rotation03_frame01.png"
				},
				{
					"file": "sleep_td/rotation03_frame02.png"
				},
				{
					"file": "sleep_td/rotation03_frame03.png"
				},
				{
					"file": "sleep_td/rotation03_frame04.png"
				}
			]
		]
	},
	{
		"name": "MINOTAUR_EATCHICKEN",
		"rotatable": false,
		"fp_offset_x": 41,
		"fp_offset_y": 75,
		"td_offset_x": 36,
		"td_offset_y": 48,
		"fp": [
			[
				{
					"file": "eatchicken_fp/rotation01_frame01.png"
				},
				{
					"file": "eatchicken_fp/rotation01_frame02.png"
				},
				{
					"file": "eatchicken_fp/rotation01_frame03.png"
				},
				{
					"file": "eatchicken_fp/rotation01_frame04.png"
				},
				{
					"file": "eatchicken_fp/rotation01_frame05.png"
				},
				{
					"file": "eatchicken_fp/rotation01_frame06.png"
				}
			]
		],
		"td": [
			[
				{
					"file": "eatchicken_td/rotation01_frame01.png"
				},
				{
					"file": "eatchicken_td/rotation01_frame02.png"
				},
				{
					"file": "eatchicken_td/rotation01_frame03.png"
				},
				{
					"file": "eatchicken_td/rotation01_frame04.png"
				},
				{
					"file": "eatchicken_td/rotation01_frame05.png"
				},
				{
					"file": "eatchicken_td/rotation01_frame06.png"
				}
			]
		]
	},
	{
		"name": "CHARGERTAURUS_SCREAM",
		"rotatable": false,
		"fp_offset_x": 44,
		"fp_offset_y": 71,
		"td_offset_x": 37,
		"td_offset_y": 54,
		"fp": [
			[
				{
					"file": "scream_fp/rotation01_frame01.png"
				},
				{
					"file": "scream_fp/rotation01_frame02.png"
				},
				{
					"file": "scream_fp/rotation01_frame03.png"
				},
				{
					"file": "scream_fp/rotation01_frame04.png"
				},
				{
					"file": "scream_fp/rotation01_frame05.png"
				}
			]
		],
		"td": [
			[
				{
					"file": "scream_td/rotation01_frame01.png"
				},
				{
					"file": "scream_td/rotation01_frame02.png"
				},
				{
					"file": "scream_td/rotation01_frame03.png"
				},
				{
					"file": "scream_td/rotation01_frame04.png"
				},
				{
					"file": "scream_td/rotation01_frame05.png"
				}
			]
		]
	},
	{
		"name": "CHARGERTAURUS_LAIR",
		"rotatable": false,
		"fp_offset_x": 46,
		"fp_offset_y": 68,
		"td_offset_x": 48,
		"td_offset_y": 69,
		"fp": [
			[
				{
					"file": "lair_fp/rotation03_frame01.png"
				}
			]
		],
		"td": [
			[
				{
					"file": "lair_td/rotation03_frame01.png"
				}
			]
		]
	},
	{
		"name": "CHARGERTAURUS_POWERGRAB",
		"rotatable": false,
		"fp_offset_x": 41,
		"fp_offset_y": 79,
		"td_offset_x": 41,
		"td_offset_y": 64,
		"fp": [
			[
				{
					"file": "powergrab_fp/rotation01_frame01.png"
				},
				{
					"file": "powergrab_fp/rotation01_frame02.png"
				},
				{
					"file": "powergrab_fp/rotation01_frame03.png"
				},
				{
					"file": "powergrab_fp/rotation01_frame04.png"
				},
				{
					"file": "powergrab_fp/rotation01_frame05.png"
				},
				{
					"file": "powergrab_fp/rotation01_frame06.png"
				},
				{
					"file": "powergrab_fp/rotation01_frame07.png"
				},
				{
					"file": "powergrab_fp/rotation01_frame08.png"
				}
			]
		],
		"td": [
			[
				{
					"file": "powergrab_td/rotation01_frame01.png"
				},
				{
					"file": "powergrab_td/rotation01_frame02.png"
				},
				{
					"file": "powergrab_td/rotation01_frame03.png"
				},
				{
					"file": "powergrab_td/rotation01_frame04.png"
				},
				{
					"file": "powergrab_td/rotation01_frame05.png"
				},
				{
					"file": "powergrab_td/rotation01_frame06.png"
				},
				{
					"file": "powergrab_td/rotation01_frame07.png"
				},
				{
					"file": "powergrab_td/rotation01_frame08.png"
				}
			]
		]
	},
	{
		"name": "MINOTAUR_DYING",
		"rotatable": false,
		"fp_offset_x": 48,
		"fp_offset_y": 62,
		"td_offset_x": 40,
		"td_offset_y": 40,
		"fp": [
			[
				{
					"file": "dying_fp/rotation01_frame01.png"
				},
				{
					"file": "dying_fp/rotation01_frame02.png"
				},
				{
					"file": "dying_fp/rotation01_frame03.png"
				},
				{
					"file": "dying_fp/rotation01_frame04.png"
				}
			]
		],
		"td": [
			[
				{
					"file": "dying_td/rotation01_frame01.png"
				},
				{
					"file": "dying_td/rotation01_frame02.png"
				},
				{
					"file": "dying_td/rotation01_frame03.png"
				},
				{
					"file": "dying_td/rotation01_frame04.png"
				}
			]
		]
	}
]